policy,es,alpha,energy,deadline_d,mean_aaoi,std_aaoi,tx_rate,p_star
RAND,0.10,0.30,1.0000,3,11.4467,0.0000,0.1000,0.1419
RAND,0.20,0.30,1.0000,3,9.2981,0.0000,0.2000,0.3086
RAND,0.30,0.30,1.0000,3,7.8261,0.0000,0.3000,0.5069
RAND,0.40,0.30,1.0000,3,6.7316,0.0000,0.4000,0.7458
RAND,0.50,0.30,1.0000,3,6.0503,0.0000,0.4880,1.0000
RAND,0.60,0.30,1.0000,3,6.0503,0.0000,0.4880,1.0000
RAND,0.70,0.30,1.0000,3,6.0503,0.0000,0.4880,1.0000
RAND,0.80,0.30,1.0000,3,6.0503,0.0000,0.4880,1.0000
RAND,0.90,0.30,1.0000,3,6.0503,0.0000,0.4880,1.0000
